{"cameraMode":{"drawMode":0,"name":"Shaded","section":"Shading Mode"},"sceneLighting":false,"audioPlay":false,"sceneViewState":{"showFog":false,"showMaterialUpdate":false,"showSkybox":false,"showFlares":false,"showImageEffects":false,"showParticleSystems":false},"in2DMode":false,"pivot":{"x":6.4061279296875,"y":0.10509443283081055,"z":-3.8084030151367189},"rotation":{"x":-0.057829227298498157,"y":0.9413257241249085,"z":-0.254769891500473,"w":-0.2136681079864502},"size":314.49920654296877,"orthographic":false}