{"cameraMode":{"drawMode":0,"name":"Shaded","section":"Shading Mode"},"sceneLighting":true,"audioPlay":false,"sceneViewState":{"showFog":false,"showMaterialUpdate":false,"showSkybox":false,"showFlares":false,"showImageEffects":false,"showParticleSystems":false},"in2DMode":false,"pivot":{"x":-1.947122573852539,"y":0.29425621032714846,"z":1.460759162902832},"rotation":{"x":0.17379365861415864,"y":0.8158574104309082,"z":-0.31157979369163515,"w":0.4550720751285553},"size":5.332218170166016,"orthographic":false}