{"cameraMode":{"drawMode":0,"name":"Shaded","section":"Shading Mode"},"sceneLighting":true,"audioPlay":false,"sceneViewState":{"showFog":false,"showMaterialUpdate":false,"showSkybox":false,"showFlares":false,"showImageEffects":false,"showParticleSystems":false},"in2DMode":false,"pivot":{"x":-0.9062111377716065,"y":-0.5203520655632019,"z":4.750790596008301},"rotation":{"x":-0.006269012112170458,"y":0.9936521053314209,"z":-0.08547969162464142,"w":-0.0728665441274643},"size":5.075271129608154,"orthographic":false}