{"cameraMode":{"drawMode":0,"name":"Shaded","section":"Shading Mode"},"sceneLighting":true,"audioPlay":false,"sceneViewState":{"showFog":false,"showMaterialUpdate":false,"showSkybox":false,"showFlares":false,"showImageEffects":false,"showParticleSystems":false},"in2DMode":false,"pivot":{"x":-1.4836522340774537,"y":-0.3880566358566284,"z":-2.0757784843444826},"rotation":{"x":-0.141708642244339,"y":0.8557643294334412,"z":-0.3855709433555603,"w":-0.31451737880706789},"size":37.611324310302737,"orthographic":false}