{"cameraMode":{"drawMode":0,"name":"Shaded","section":"Shading Mode"},"sceneLighting":true,"audioPlay":false,"sceneViewState":{"showFog":false,"showMaterialUpdate":false,"showSkybox":false,"showFlares":false,"showImageEffects":false,"showParticleSystems":false},"in2DMode":false,"pivot":{"x":0.03957557678222656,"y":0.5246810913085938,"z":1.0331363677978516},"rotation":{"x":-0.2538844645023346,"y":0.4479147791862488,"z":-0.1343117356300354,"w":-0.8466849327087402},"size":28.53632354736328,"orthographic":false}