{"cameraMode":{"drawMode":0,"name":"Shaded","section":"Shading Mode"},"sceneLighting":true,"audioPlay":false,"sceneViewState":{"showFog":false,"showMaterialUpdate":false,"showSkybox":false,"showFlares":false,"showImageEffects":false,"showParticleSystems":false},"in2DMode":false,"pivot":{"x":0.24493294954299928,"y":0.2023182511329651,"z":0.30438995361328127},"rotation":{"x":-0.007984643802046776,"y":0.9748809337615967,"z":-0.03542068600654602,"w":-0.21974697709083558},"size":0.2579222321510315,"orthographic":false}