{"cameraMode":{"drawMode":0,"name":"Shaded","section":"Shading Mode"},"sceneLighting":true,"audioPlay":false,"sceneViewState":{"showFog":false,"showMaterialUpdate":false,"showSkybox":false,"showFlares":false,"showImageEffects":false,"showParticleSystems":false},"in2DMode":false,"pivot":{"x":30.273399353027345,"y":-9.224357604980469,"z":8.314140319824219},"rotation":{"x":-0.39605972170829775,"y":-0.06548105925321579,"z":0.028327753767371179,"w":-0.915448784828186},"size":111.06767272949219,"orthographic":false}