{"cameraMode":{"drawMode":0,"name":"Shaded","section":"Shading Mode"},"sceneLighting":true,"audioPlay":false,"sceneViewState":{"showFog":false,"showMaterialUpdate":false,"showSkybox":false,"showFlares":false,"showImageEffects":false,"showParticleSystems":false},"in2DMode":false,"pivot":{"x":30.669761657714845,"y":-10.607505798339844,"z":21.664051055908204},"rotation":{"x":-0.3327198624610901,"y":0.17317380011081696,"z":-0.062299054116010669,"w":-0.9248930811882019},"size":117.1048812866211,"orthographic":false}